File Name,Text Content
101.xml,No content
1010.xml,No content
1011.xml,No content
103.xml,No content
1045.xml,No content
1046.xml,No content
1047.xml,No content
1048.xml,No content
1049.xml,No content
1313.xml,No content
138.xml,No content
164.xml,No content
1708.xml,No content
183.xml,No content
184.xml,No content
23.xml,No content
446.xml,No content
449.xml,No content
450.xml,No content
451.xml,No content
452.xml,No content
453.xml,No content
454.xml,No content
455.xml,No content
456.xml,No content
457.xml,No content
458.xml,No content
459.xml,No content
460.xml,No content
461.xml,No content
462.xml,No content
463.xml,No content
5412.xml,No content
5413.xml,No content
5414.xml,No content
56.xml,No content
6837.xml,No content
751.xml,No content
7556.xml,No content
8104.xml,No content
8107.xml,No content
8108.xml,No content
8455.xml,No content
8643.xml,No content
90.xml,No content
